[{"model": "contenttypes.contenttype", "pk": 1, "fields": {"app_label": "admin", "model": "logentry"}}, {"model": "contenttypes.contenttype", "pk": 2, "fields": {"app_label": "auth", "model": "permission"}}, {"model": "contenttypes.contenttype", "pk": 3, "fields": {"app_label": "auth", "model": "group"}}, {"model": "contenttypes.contenttype", "pk": 4, "fields": {"app_label": "contenttypes", "model": "contenttype"}}, {"model": "contenttypes.contenttype", "pk": 5, "fields": {"app_label": "sessions", "model": "session"}}, {"model": "contenttypes.contenttype", "pk": 6, "fields": {"app_label": "users", "model": "user"}}, {"model": "contenttypes.contenttype", "pk": 7, "fields": {"app_label": "quotes", "model": "author"}}, {"model": "contenttypes.contenttype", "pk": 8, "fields": {"app_label": "quotes", "model": "groupauthor"}}, {"model": "contenttypes.contenttype", "pk": 9, "fields": {"app_label": "quotes", "model": "quotesource"}}, {"model": "contenttypes.contenttype", "pk": 10, "fields": {"app_label": "quotes", "model": "quote"}}, {"model": "contenttypes.contenttype", "pk": 11, "fields": {"app_label": "thumbnail", "model": "kvstore"}}, {"model": "sessions.session", "pk": "1pffwasrn2hxaf9nipma726uttr19grr", "fields": {"session_data": "OGE4ZTI3NDUyMDc1NWRiM2E3MWI3ZGI5Y2U4ZGRiZWQwOTE4ZTg1ZDp7Il9hdXRoX3VzZXJfaWQiOiIxIiwiX2F1dGhfdXNlcl9iYWNrZW5kIjoiZGphbmdvLmNvbnRyaWIuYXV0aC5iYWNrZW5kcy5Nb2RlbEJhY2tlbmQiLCJfYXV0aF91c2VyX2hhc2giOiI2ODFkZjcwYzgxYThhNDEzZWNjMjg0NWYwNjI1NWJkMzlmNGE4YTcwIn0=", "expire_date": "2022-08-09T18:53:38.209Z"}}, {"model": "sessions.session", "pk": "5mlm93qpc2wszrrcptddl7qwwihr89aw", "fields": {"session_data": "MjE2Njc0YTBmZDA5NTcwOGRkODU1ZTczNWE3MTA5N2QwMDc5MzY2MDp7Il9hdXRoX3VzZXJfaWQiOiIyIiwiX2F1dGhfdXNlcl9iYWNrZW5kIjoiZGphbmdvLmNvbnRyaWIuYXV0aC5iYWNrZW5kcy5Nb2RlbEJhY2tlbmQiLCJfYXV0aF91c2VyX2hhc2giOiJmNjQzMTU4OGJmMjNkNDZhYmFkNzBkMjg1NDdmNzQwMTMwMDViODE2In0=", "expire_date": "2022-08-09T19:01:00.491Z"}}, {"model": "sessions.session", "pk": "ej5p51ku0ivfx5i1r9xqnwho9wu4t9cy", "fields": {"session_data": "MjE2Njc0YTBmZDA5NTcwOGRkODU1ZTczNWE3MTA5N2QwMDc5MzY2MDp7Il9hdXRoX3VzZXJfaWQiOiIyIiwiX2F1dGhfdXNlcl9iYWNrZW5kIjoiZGphbmdvLmNvbnRyaWIuYXV0aC5iYWNrZW5kcy5Nb2RlbEJhY2tlbmQiLCJfYXV0aF91c2VyX2hhc2giOiJmNjQzMTU4OGJmMjNkNDZhYmFkNzBkMjg1NDdmNzQwMTMwMDViODE2In0=", "expire_date": "2022-08-09T18:53:46.244Z"}}, {"model": "sessions.session", "pk": "jr6yrg2lmonasc3gikhiw8ssxuq2a7g1", "fields": {"session_data": "OGE4ZTI3NDUyMDc1NWRiM2E3MWI3ZGI5Y2U4ZGRiZWQwOTE4ZTg1ZDp7Il9hdXRoX3VzZXJfaWQiOiIxIiwiX2F1dGhfdXNlcl9iYWNrZW5kIjoiZGphbmdvLmNvbnRyaWIuYXV0aC5iYWNrZW5kcy5Nb2RlbEJhY2tlbmQiLCJfYXV0aF91c2VyX2hhc2giOiI2ODFkZjcwYzgxYThhNDEzZWNjMjg0NWYwNjI1NWJkMzlmNGE4YTcwIn0=", "expire_date": "2022-08-11T12:57:01.793Z"}}, {"model": "quotes.groupauthor", "pk": 1, "fields": {"title": "\u043f\u0438\u0441\u0430\u0442\u0435\u043b\u0438", "slug": "writers", "description": ""}}, {"model": "quotes.author", "pk": 1, "fields": {"full_name": "\u0424\u0451\u0434\u043e\u0440 \u041c\u0438\u0445\u0430\u0439\u043b\u043e\u0432\u0438\u0447 \u0414\u043e\u0441\u0442\u043e\u0435\u0432\u0441\u043a\u0438\u0439", "description": "\u0420\u0443\u0441\u0441\u043a\u0438\u0439 \u043f\u0438\u0441\u0430\u0442\u0435\u043b\u044c, \u043c\u044b\u0441\u043b\u0438\u0442\u0435\u043b\u044c, \u0444\u0438\u043b\u043e\u0441\u043e\u0444 \u0438 \u043f\u0443\u0431\u043b\u0438\u0446\u0438\u0441\u0442. \u0427\u043b\u0435\u043d-\u043a\u043e\u0440\u0440\u0435\u0441\u043f\u043e\u043d\u0434\u0435\u043d\u0442 \u041f\u0435\u0442\u0435\u0440\u0431\u0443\u0440\u0433\u0441\u043a\u043e\u0439 \u0430\u043a\u0430\u0434\u0435\u043c\u0438\u0438 \u043d\u0430\u0443\u043a \u0441 1877 \u0433\u043e\u0434\u0430. \u041a\u043b\u0430\u0441\u0441\u0438\u043a \u043c\u0438\u0440\u043e\u0432\u043e\u0439 \u043b\u0438\u0442\u0435\u0440\u0430\u0442\u0443\u0440\u044b, \u043f\u043e \u0434\u0430\u043d\u043d\u044b\u043c \u042e\u041d\u0415\u0421\u041a\u041e, \u043e\u0434\u0438\u043d \u0438\u0437 \u0441\u0430\u043c\u044b\u0445 \u0447\u0438\u0442\u0430\u0435\u043c\u044b\u0445 \u043f\u0438\u0441\u0430\u0442\u0435\u043b\u0435\u0439 \u0432 \u043c\u0438\u0440\u0435.", "link": "https://ru.wikipedia.org/wiki/%D0%94%D0%BE%D1%81%D1%82%D0%BE%D0%B5%D0%B2%D1%81%D0%BA%D0%B8%D0%B9,_%D0%A4%D1%91%D0%B4%D0%BE%D1%80_%D0%9C%D0%B8%D1%85%D0%B0%D0%B9%D0%BB%D0%BE%D0%B2%D0%B8%D1%87", "group": 1, "image": "images/authors/Dostoevsky.jpg"}}, {"model": "quotes.author", "pk": 2, "fields": {"full_name": "\u041b\u044c\u044e\u0438\u0441 \u041a\u044d\u0440\u0440\u043e\u043b\u043b", "description": "\u0410\u043d\u0433\u043b\u0438\u0439\u0441\u043a\u0438\u0439 \u043f\u0438\u0441\u0430\u0442\u0435\u043b\u044c, \u043c\u0430\u0442\u0435\u043c\u0430\u0442\u0438\u043a, \u043b\u043e\u0433\u0438\u043a, \u0444\u0438\u043b\u043e\u0441\u043e\u0444, \u0434\u0438\u0430\u043a\u043e\u043d \u0438 \u0444\u043e\u0442\u043e\u0433\u0440\u0430\u0444. \u041d\u0430\u0438\u0431\u043e\u043b\u0435\u0435 \u0438\u0437\u0432\u0435\u0441\u0442\u043d\u044b\u0435 \u043f\u0440\u043e\u0438\u0437\u0432\u0435\u0434\u0435\u043d\u0438\u044f \u2014 \u00ab\u0410\u043b\u0438\u0441\u0430 \u0432 \u0421\u0442\u0440\u0430\u043d\u0435 \u0447\u0443\u0434\u0435\u0441\u00bb \u0438 \u00ab\u0410\u043b\u0438\u0441\u0430 \u0432 \u0417\u0430\u0437\u0435\u0440\u043a\u0430\u043b\u044c\u0435\u00bb, \u0430 \u0442\u0430\u043a\u0436\u0435 \u044e\u043c\u043e\u0440\u0438\u0441\u0442\u0438\u0447\u0435\u0441\u043a\u0430\u044f \u043f\u043e\u044d\u043c\u0430 \u00ab\u041e\u0445\u043e\u0442\u0430 \u043d\u0430 \u0421\u043d\u0430\u0440\u043a\u0430\u00bb.", "link": "https://ru.wikipedia.org/wiki/%D0%9B%D1%8C%D1%8E%D0%B8%D1%81_%D0%9A%D1%8D%D1%80%D1%80%D0%BE%D0%BB%D0%BB", "group": 1, "image": "images/authors/Carroll_0dHlUrG.jpg"}}, {"model": "quotes.author", "pk": 3, "fields": {"full_name": "\u0410\u043b\u0430\u043d \u0410\u043b\u0435\u043a\u0441\u0430\u043d\u0434\u0440 \u041c\u0438\u043b\u043d", "description": "\u0411\u0440\u0438\u0442\u0430\u043d\u0441\u043a\u0438\u0439 \u043f\u0438\u0441\u0430\u0442\u0435\u043b\u044c, \u043d\u0430\u0438\u0431\u043e\u043b\u0435\u0435 \u0438\u0437\u0432\u0435\u0441\u0442\u043d\u044b\u0439 \u043a\u0430\u043a \u0430\u0432\u0442\u043e\u0440 \u0441\u043a\u0430\u0437\u043e\u0447\u043d\u044b\u0445 \u043f\u043e\u0432\u0435\u0441\u0442\u0435\u0439 \u043e \u00ab\u043c\u0435\u0434\u0432\u0435\u0434\u0435 \u0441 \u043e\u043f\u0438\u043b\u043a\u0430\u043c\u0438 \u0432 \u0433\u043e\u043b\u043e\u0432\u0435\u00bb \u2014 \u0412\u0438\u043d\u043d\u0438-\u041f\u0443\u0445\u0435.", "link": "https://ru.wikipedia.org/wiki/%D0%9C%D0%B8%D0%BB%D0%BD,_%D0%90%D0%BB%D0%B0%D0%BD_%D0%90%D0%BB%D0%B5%D0%BA%D1%81%D0%B0%D0%BD%D0%B4%D1%80", "group": 1, "image": "images/authors/AlexMiln_t7DeSAg.jpg"}}, {"model": "quotes.author", "pk": 4, "fields": {"full_name": "\u0427\u0435\u0445\u043e\u0432 \u0410\u043d\u0442\u043e\u043d \u041f\u0430\u0432\u043b\u043e\u0432\u0438\u0447", "description": "\u0420\u0443\u0441\u0441\u043a\u0438\u0439 \u043f\u0438\u0441\u0430\u0442\u0435\u043b\u044c, \u043f\u0440\u043e\u0437\u0430\u0438\u043a, \u0434\u0440\u0430\u043c\u0430\u0442\u0443\u0440\u0433, \u043f\u0443\u0431\u043b\u0438\u0446\u0438\u0441\u0442, \u0432\u0440\u0430\u0447, \u043e\u0431\u0449\u0435\u0441\u0442\u0432\u0435\u043d\u043d\u044b\u0439 \u0434\u0435\u044f\u0442\u0435\u043b\u044c \u0432 \u0441\u0444\u0435\u0440\u0435 \u0431\u043b\u0430\u0433\u043e\u0442\u0432\u043e\u0440\u0438\u0442\u0435\u043b\u044c\u043d\u043e\u0441\u0442\u0438", "link": "https://ru.wikipedia.org/wiki/%D0%A7%D0%B5%D1%85%D0%BE%D0%B2,_%D0%90%D0%BD%D1%82%D0%BE%D0%BD_%D0%9F%D0%B0%D0%B2%D0%BB%D0%BE%D0%B2%D0%B8%D1%87", "group": 1, "image": "images/authors/Chehov_FxBsMLY.jpg"}}, {"model": "quotes.quotesource", "pk": 1, "fields": {"title": "\u041f\u0440\u0435\u0441\u0442\u0443\u043f\u043b\u0435\u043d\u0438\u0435 \u0438 \u043d\u0430\u043a\u0430\u0437\u0430\u043d\u0438\u0435", "description": "\u0421\u043e\u0446\u0438\u0430\u043b\u044c\u043d\u043e-\u043f\u0441\u0438\u0445\u043e\u043b\u043e\u0433\u0438\u0447\u0435\u0441\u043a\u0438\u0439 \u0438 \u0441\u043e\u0446\u0438\u0430\u043b\u044c\u043d\u043e-\u0444\u0438\u043b\u043e\u0441\u043e\u0444\u0441\u043a\u0438\u0439 \u0440\u043e\u043c\u0430\u043d \u0424\u0451\u0434\u043e\u0440\u0430 \u041c\u0438\u0445\u0430\u0439\u043b\u043e\u0432\u0438\u0447\u0430 \u0414\u043e\u0441\u0442\u043e\u0435\u0432\u0441\u043a\u043e\u0433\u043e, \u043d\u0430\u0434 \u043a\u043e\u0442\u043e\u0440\u044b\u043c \u043f\u0438\u0441\u0430\u0442\u0435\u043b\u044c \u0440\u0430\u0431\u043e\u0442\u0430\u043b \u0432 1865\u20141866 \u0433\u043e\u0434\u0430\u0445.", "link": "https://ru.wikipedia.org/wiki/%D0%9F%D1%80%D0%B5%D1%81%D1%82%D1%83%D0%BF%D0%BB%D0%B5%D0%BD%D0%B8%D0%B5_%D0%B8_%D0%BD%D0%B0%D0%BA%D0%B0%D0%B7%D0%B0%D0%BD%D0%B8%D0%B5", "author": 1}}, {"model": "quotes.quotesource", "pk": 2, "fields": {"title": "\u0410\u043b\u0438\u0441\u0430 \u0432 \u0421\u0442\u0440\u0430\u043d\u0435 \u0447\u0443\u0434\u0435\u0441", "description": "C\u043a\u0430\u0437\u043a\u0430, \u043d\u0430\u043f\u0438\u0441\u0430\u043d\u043d\u0430\u044f \u0430\u043d\u0433\u043b\u0438\u0439\u0441\u043a\u0438\u043c \u043c\u0430\u0442\u0435\u043c\u0430\u0442\u0438\u043a\u043e\u043c, \u043f\u043e\u044d\u0442\u043e\u043c \u0438 \u043f\u0440\u043e\u0437\u0430\u0438\u043a\u043e\u043c \u0427\u0430\u0440\u043b\u044c\u0437\u043e\u043c \u041b\u044e\u0442\u0432\u0438\u0434\u0436\u0435\u043c \u0414\u043e\u0434\u0436\u0441\u043e\u043d\u043e\u043c \u043f\u043e\u0434 \u043f\u0441\u0435\u0432\u0434\u043e\u043d\u0438\u043c\u043e\u043c \u041b\u044c\u044e\u0438\u0441 \u041a\u044d\u0440\u0440\u043e\u043b\u043b \u0438 \u0438\u0437\u0434\u0430\u043d\u043d\u0430\u044f \u0432 1865 \u0433\u043e\u0434\u0443. \u0412 \u043d\u0435\u0439 \u0440\u0430\u0441\u0441\u043a\u0430\u0437\u044b\u0432\u0430\u0435\u0442\u0441\u044f \u043e \u0434\u0435\u0432\u043e\u0447\u043a\u0435 \u043f\u043e \u0438\u043c\u0435\u043d\u0438 \u0410\u043b\u0438\u0441\u0430, \u043a\u043e\u0442\u043e\u0440\u0430\u044f \u043f\u043e\u043f\u0430\u0434\u0430\u0435\u0442 \u0441\u043a\u0432\u043e\u0437\u044c \u043a\u0440\u043e\u043b\u0438\u0447\u044c\u044e \u043d\u043e\u0440\u0443 \u0432 \u0432\u043e\u043e\u0431\u0440\u0430\u0436\u0430\u0435\u043c\u044b\u0439 \u043c\u0438\u0440, \u043d\u0430\u0441\u0435\u043b\u0451\u043d\u043d\u044b\u0439 \u0441\u0442\u0440\u0430\u043d\u043d\u044b\u043c\u0438 \u0430\u043d\u0442\u0440\u043e\u043f\u043e\u043c\u043e\u0440\u0444\u043d\u044b\u043c\u0438 \u0441\u0443\u0449\u0435\u0441\u0442\u0432\u0430\u043c\u0438. \u0421\u043a\u0430\u0437\u043a\u0430 \u043f\u043e\u043b\u044c\u0437\u0443\u0435\u0442\u0441\u044f \u0443\u0441\u0442\u043e\u0439\u0447\u0438\u0432\u043e\u0439 \u043f\u043e\u043f\u0443\u043b\u044f\u0440\u043d\u043e\u0441\u0442\u044c\u044e \u043a\u0430\u043a \u0443 \u0434\u0435\u0442\u0435\u0439, \u0442\u0430\u043a \u0438 \u0432\u0437\u0440\u043e\u0441\u043b\u044b\u0445. \u041a\u043d\u0438\u0433\u0430 \u0441\u0447\u0438\u0442\u0430\u0435\u0442\u0441\u044f \u043e\u0434\u043d\u0438\u043c \u0438\u0437 \u043b\u0443\u0447\u0448\u0438\u0445 \u043e\u0431\u0440\u0430\u0437\u0446\u043e\u0432 \u043b\u0438\u0442\u0435\u0440\u0430\u0442\u0443\u0440\u044b \u0432 \u0436\u0430\u043d\u0440\u0435 \u0430\u0431\u0441\u0443\u0440\u0434\u0430; \u0432 \u043d\u0435\u0439 \u0438\u0441\u043f\u043e\u043b\u044c\u0437\u0443\u044e\u0442\u0441\u044f \u043c\u043d\u043e\u0433\u043e\u0447\u0438\u0441\u043b\u0435\u043d\u043d\u044b\u0435 \u043c\u0430\u0442\u0435\u043c\u0430\u0442\u0438\u0447\u0435\u0441\u043a\u0438\u0435, \u043b\u0438\u043d\u0433\u0432\u0438\u0441\u0442\u0438\u0447\u0435\u0441\u043a\u0438\u0435 \u0438 \u0444\u0438\u043b\u043e\u0441\u043e\u0444\u0441\u043a\u0438\u0435 \u0448\u0443\u0442\u043a\u0438 \u0438 \u0430\u043b\u043b\u044e\u0437\u0438\u0438. \u0425\u043e\u0434 \u043f\u043e\u0432\u0435\u0441\u0442\u0432\u043e\u0432\u0430\u043d\u0438\u044f \u0438 \u0435\u0433\u043e \u0441\u0442\u0440\u0443\u043a\u0442\u0443\u0440\u0430 \u043e\u043a\u0430\u0437\u0430\u043b\u0438 \u0441\u0438\u043b\u044c\u043d\u043e\u0435 \u0432\u043b\u0438\u044f\u043d\u0438\u0435 \u043d\u0430 \u0438\u0441\u043a\u0443\u0441\u0441\u0442\u0432\u043e, \u043e\u0441\u043e\u0431\u0435\u043d\u043d\u043e \u043d\u0430 \u0436\u0430\u043d\u0440 \u0444\u044d\u043d\u0442\u0435\u0437\u0438. \u00ab\u0410\u043b\u0438\u0441\u0430 \u0432 \u0417\u0430\u0437\u0435\u0440\u043a\u0430\u043b\u044c\u0435\u00bb \u044f\u0432\u043b\u044f\u0435\u0442\u0441\u044f \u0441\u044e\u0436\u0435\u0442\u043d\u044b\u043c \u043f\u0440\u043e\u0434\u043e\u043b\u0436\u0435\u043d\u0438\u0435\u043c \u043f\u0440\u043e\u0438\u0437\u0432\u0435\u0434\u0435\u043d\u0438\u044f. \u00ab\u041f\u0440\u0438\u043a\u043b\u044e\u0447\u0435\u043d\u0438\u044f \u0410\u043b\u0438\u0441\u044b \u0432 \u0421\u0442\u0440\u0430\u043d\u0435 \u0447\u0443\u0434\u0435\u0441\u00bb \u044f\u0432\u043b\u044f\u0435\u0442\u0441\u044f \u043b\u0438\u0442\u0435\u0440\u0430\u0442\u0443\u0440\u043d\u043e\u0439 \u043e\u0431\u0440\u0430\u0431\u043e\u0442\u043a\u043e\u0439 \u0440\u0443\u043a\u043e\u043f\u0438\u0441\u043d\u043e\u0439 \u043a\u043d\u0438\u0433\u0438 \u00ab\u041f\u0440\u0438\u043a\u043b\u044e\u0447\u0435\u043d\u0438\u044f \u0410\u043b\u0438\u0441\u044b \u043f\u043e\u0434 \u0437\u0435\u043c\u043b\u0451\u0439\u00bb.", "link": "https://ru.wikipedia.org/wiki/%D0%90%D0%BB%D0%B8%D1%81%D0%B0_%D0%B2_%D0%A1%D1%82%D1%80%D0%B0%D0%BD%D0%B5_%D1%87%D1%83%D0%B4%D0%B5%D1%81", "author": 2}}, {"model": "quotes.quotesource", "pk": 3, "fields": {"title": "\u0412\u0438\u043d\u043d\u0438-\u041f\u0443\u0445 \u0438 \u0432\u0441\u0435-\u0432\u0441\u0435-\u0432\u0441\u0435", "description": "\u0412\u0438\u043d\u043d\u0438-\u041f\u0443\u0445 \u0438 \u0432\u0441\u0435-\u0432\u0441\u0435-\u0432\u0441\u0435\u00bb \u2014 \u043a\u043d\u0438\u0433\u0430 \u0410\u043b\u0430\u043d\u0430 \u041c\u0438\u043b\u043d\u0430, \u0432\u044b\u0448\u0435\u0434\u0448\u0430\u044f \u0432 \u043f\u0435\u0447\u0430\u0442\u044c \u0432 \u0441\u0435\u0440\u0435\u0434\u0438\u043d\u0435 20-\u0445 \u0433\u043e\u0434\u043e\u0432 \u0425\u0425 \u0432\u0435\u043a\u0430. \u041d\u0435\u043e\u0431\u044b\u0447\u0430\u0439\u043d\u043e \u0442\u0435\u043f\u043b\u043e\u0435 \u043f\u043e\u0432\u0435\u0441\u0442\u0432\u043e\u0432\u0430\u043d\u0438\u0435 \u043e \u043b\u0435\u0441\u043d\u044b\u0445 \u0436\u0438\u0442\u0435\u043b\u044f\u0445 \u2014 \u043f\u043b\u044e\u0448\u0435\u0432\u044b\u0445 \u0438\u0433\u0440\u0443\u0448\u043a\u0430\u0445 \u041a\u0440\u0438\u0441\u0442\u043e\u0444\u0435\u0440\u0430 \u0420\u043e\u0431\u0438\u043d\u0430, \u0441\u044b\u043d\u0430 \u043f\u0438\u0441\u0430\u0442\u0435\u043b\u044f, \u043f\u043e\u043b\u044e\u0431\u0438\u043b\u0430\u0441\u044c \u0432\u0441\u0435\u043c\u0443 \u0441\u0432\u0435\u0442\u0443. \u041f\u0435\u0440\u0435\u0434 \u0447\u0438\u0442\u0430\u0442\u0435\u043b\u0435\u043c \u043f\u0440\u0435\u0434\u0441\u0442\u0430\u044e\u0442 18 \u0443\u0432\u043b\u0435\u043a\u0430\u0442\u0435\u043b\u044c\u043d\u044b\u0445 \u0438\u0441\u0442\u043e\u0440\u0438\u0439 \u043e \u0412\u0438\u043d\u043d\u0438-\u041f\u0443\u0445\u0435, \u041f\u044f\u0442\u0430\u0447\u043a\u0435 \u0438 \u043c\u043d\u043e\u0433\u0438\u0445 \u0434\u0440\u0443\u0433\u0438\u0445 \u0433\u0435\u0440\u043e\u044f\u0445. \u041e\u043d\u0438 \u043f\u043e\u0433\u0440\u0443\u0436\u0430\u044e\u0442 \u0432 \u0430\u0442\u043c\u043e\u0441\u0444\u0435\u0440\u0443 \u0431\u0435\u0437\u0437\u0430\u0431\u043e\u0442\u043d\u043e\u0433\u043e \u0434\u0435\u0442\u0441\u0442\u0432\u0430. \u041a\u0430\u0436\u0434\u0430\u044f \u0433\u043b\u0430\u0432\u0430 \u043d\u0430\u043f\u043e\u043c\u0438\u043d\u0430\u0435\u0442 \u043e \u0442\u043e\u043c, \u043a\u0430\u043a \u0432\u0430\u0436\u043d\u043e \u0435\u0449\u0451 \u0432 \u0434\u0435\u0442\u0441\u0442\u0432\u0435 \u0443\u0437\u043d\u0430\u0442\u044c, \u0447\u0442\u043e \u0437\u043d\u0430\u0447\u0438\u0442 \u0434\u0440\u0443\u0436\u0431\u0430, \u0441\u043c\u0435\u043b\u043e\u0441\u0442\u044c, \u0434\u043e\u0431\u0440\u043e\u0434\u0443\u0448\u0438\u0435, \u0432\u0437\u0430\u0438\u043c\u043e\u0432\u044b\u0440\u0443\u0447\u043a\u0430 \u0438 \u043e\u043f\u0442\u0438\u043c\u0438\u0437\u043c.", "link": "https://ru.wikipedia.org/wiki/%D0%92%D0%B8%D0%BD%D0%BD%D0%B8-%D0%9F%D1%83%D1%85", "author": 3}}, {"model": "quotes.quotesource", "pk": 4, "fields": {"title": "\u0414\u043e\u043c \u0441 \u043c\u0435\u0437\u043e\u043d\u0438\u043d\u043e\u043c", "description": "", "link": "https://ilibrary.ru/text/1050/index.html", "author": 4}}, {"model": "quotes.quotesource", "pk": 5, "fields": {"title": "\u0414\u044f\u0434\u044f \u0412\u0430\u043d\u044f", "description": "\u00ab\u0414\u044f\u0301\u0434\u044f \u0412\u0430\u0301\u043d\u044f\u00bb \u2014 \u043f\u044c\u0435\u0441\u0430 \u0410. \u041f. \u0427\u0435\u0445\u043e\u0432\u0430 \u0441 \u043f\u043e\u0434\u0437\u0430\u0433\u043e\u043b\u043e\u0432\u043a\u043e\u043c \u00ab\u0421\u0446\u0435\u043d\u044b \u0438\u0437 \u0434\u0435\u0440\u0435\u0432\u0435\u043d\u0441\u043a\u043e\u0439 \u0436\u0438\u0437\u043d\u0438 \u0432 \u0447\u0435\u0442\u044b\u0440\u0451\u0445 \u0434\u0435\u0439\u0441\u0442\u0432\u0438\u044f\u0445\u00bb. \u041e\u043a\u043e\u043d\u0447\u0430\u0442\u0435\u043b\u044c\u043d\u043e \u0437\u0430\u0432\u0435\u0440\u0448\u0435\u043d\u0430 \u0432 1896 \u0433\u043e\u0434\u0443.", "link": "https://ru.wikipedia.org/wiki/%D0%94%D1%8F%D0%B4%D1%8F_%D0%92%D0%B0%D0%BD%D1%8F", "author": 4}}, {"model": "quotes.quote", "pk": 1, "fields": {"text": "\u0427\u0435\u043b\u043e\u0432\u0435\u043a \u043e\u043d \u0443\u043c\u043d\u044b\u0439, \u043d\u043e \u0447\u0442\u043e\u0431 \u0443\u043c\u043d\u043e \u043f\u043e\u0441\u0442\u0443\u043f\u0430\u0442\u044c \u2014 \u043e\u0434\u043d\u043e\u0433\u043e \u0443\u043c\u0430 \u043c\u0430\u043b\u043e.", "source": 1, "year": 1866, "author": 1, "created": "2022-07-26T18:43:11.947Z"}}, {"model": "quotes.quote", "pk": 2, "fields": {"text": "\u2014 \u0427\u0442\u043e \u0442\u044b \u0445\u043e\u0447\u0435\u0448\u044c?\r\n\u2014 \u042f \u0445\u043e\u0447\u0443 \u0443\u0431\u0438\u0442\u044c \u0432\u0440\u0435\u043c\u044f.\r\n\u2014 \u0412\u0440\u0435\u043c\u044f \u043e\u0447\u0435\u043d\u044c \u043d\u0435 \u043b\u044e\u0431\u0438\u0442, \u043a\u043e\u0433\u0434\u0430 \u0435\u0433\u043e \u0443\u0431\u0438\u0432\u0430\u044e\u0442.", "source": 2, "year": 1865, "author": 2, "created": "2022-07-26T18:45:03.132Z"}}, {"model": "quotes.quote", "pk": 3, "fields": {"text": "\u0410 \u0447\u0442\u043e \u043f\u043e\u0434\u0443\u043c\u0430\u043b \u043f\u043e \u044d\u0442\u043e\u043c\u0443 \u043f\u043e\u0432\u043e\u0434\u0443 \u041a\u0440\u043e\u043b\u0438\u043a, \u043d\u0438\u043a\u0442\u043e \u0442\u0430\u043a \u0438 \u043d\u0435 \u0443\u0437\u043d\u0430\u043b, \u043f\u043e\u0442\u043e\u043c\u0443 \u0447\u0442\u043e \u041a\u0440\u043e\u043b\u0438\u043a \u0431\u044b\u043b \u043e\u0447\u0435\u043d\u044c \u0432\u043e\u0441\u043f\u0438\u0442\u0430\u043d\u043d\u044b\u0439.", "source": 3, "year": 1960, "author": 3, "created": "2022-07-26T18:51:38.321Z"}}, {"model": "quotes.quote", "pk": 4, "fields": {"text": "\u0422\u0432\u0430\u0440\u044c \u043b\u0438 \u044f \u0434\u0440\u043e\u0436\u0430\u0449\u0430\u044f \u0438\u043b\u0438 \u043f\u0440\u0430\u0432\u043e \u0438\u043c\u0435\u044e\u2026", "source": 1, "year": 1866, "author": 1, "created": "2022-07-26T19:09:27.863Z"}}, {"model": "quotes.quote", "pk": 5, "fields": {"text": "\u0425\u043e\u0440\u043e\u0448\u0435\u0435 \u0432\u043e\u0441\u043f\u0438\u0442\u0430\u043d\u0438\u0435 \u043d\u0435 \u0432 \u0442\u043e\u043c, \u0447\u0442\u043e \u0442\u044b \u043d\u0435 \u043f\u0440\u043e\u043b\u044c\u0435\u0448\u044c \u0441\u043e\u0443\u0441\u0430 \u043d\u0430 \u0441\u043a\u0430\u0442\u0435\u0440\u0442\u044c, \u0430 \u0432 \u0442\u043e\u043c, \u0447\u0442\u043e \u0442\u044b \u043d\u0435 \u0437\u0430\u043c\u0435\u0442\u0438\u0448\u044c, \u0435\u0441\u043b\u0438 \u044d\u0442\u043e \u0441\u0434\u0435\u043b\u0430\u0435\u0442 \u043a\u0442\u043e-\u043d\u0438\u0431\u0443\u0434\u044c \u0434\u0440\u0443\u0433\u043e\u0439.", "source": 4, "year": 1896, "author": 4, "created": "2022-07-26T19:17:22.168Z"}}, {"model": "quotes.quote", "pk": 6, "fields": {"text": "\u041d\u0435\u0442 \u043d\u0438\u0447\u0435\u0433\u043e \u0445\u0443\u0436\u0435, \u043a\u043e\u0433\u0434\u0430 \u0437\u043d\u0430\u0435\u0448\u044c \u0447\u0443\u0436\u0443\u044e \u0442\u0430\u0439\u043d\u0443 \u0438 \u043d\u0435 \u043c\u043e\u0436\u0435\u0448\u044c \u043f\u043e\u043c\u043e\u0447\u044c.", "source": 5, "year": 1897, "author": 4, "created": "2022-07-26T19:29:34.911Z"}}, {"model": "thumbnail.kvstore", "pk": "sorl-thumbnail||image||05656fe4fae9ed58db634a98a86808b4", "fields": {"value": "{\"name\": \"cache/f8/62/f862f0017b070646ba9baa4c063bbee4.jpg\", \"storage\": \"django.core.files.storage.FileSystemStorage\", \"size\": [600, 400]}"}}, {"model": "thumbnail.kvstore", "pk": "sorl-thumbnail||image||0b86fa86d6a2c87a1e2f2e59fd1bb772", "fields": {"value": "{\"name\": \"cache/96/88/96882076ce6345d4c39f0ba26675c6c0.jpg\", \"storage\": \"django.core.files.storage.FileSystemStorage\", \"size\": [180, 120]}"}}, {"model": "thumbnail.kvstore", "pk": "sorl-thumbnail||image||155aea74679a597d6981b6cecf0c00fb", "fields": {"value": "{\"name\": \"images/authors/Chehov_FxBsMLY.jpg\", \"storage\": \"django.core.files.storage.FileSystemStorage\", \"size\": [600, 400]}"}}, {"model": "thumbnail.kvstore", "pk": "sorl-thumbnail||image||1a9a8ac5f48f388b009b230289f41f15", "fields": {"value": "{\"name\": \"images/authors/AlexMiln_t7DeSAg.jpg\", \"storage\": \"django.core.files.storage.FileSystemStorage\", \"size\": [600, 400]}"}}, {"model": "thumbnail.kvstore", "pk": "sorl-thumbnail||image||28e63a1609b5b9e70c4aed10f052fc3f", "fields": {"value": "{\"name\": \"images/authors/Frame3_0pwcK1O.jpg\", \"storage\": \"django.core.files.storage.FileSystemStorage\", \"size\": [180, 250]}"}}, {"model": "thumbnail.kvstore", "pk": "sorl-thumbnail||image||3059d35a3cb4d0330125f3c4e05b98b4", "fields": {"value": "{\"name\": \"images/authors/Frame5_RrZ6hR9.jpg\", \"storage\": \"django.core.files.storage.FileSystemStorage\", \"size\": [180, 250]}"}}, {"model": "thumbnail.kvstore", "pk": "sorl-thumbnail||image||35c155c276cd93462fb302f339e8c0d5", "fields": {"value": "{\"name\": \"cache/15/9d/159d73d2c2d3d65a46bd4c1f23fad0af.jpg\", \"storage\": \"django.core.files.storage.FileSystemStorage\", \"size\": [600, 400]}"}}, {"model": "thumbnail.kvstore", "pk": "sorl-thumbnail||image||35ff9bb3633366516eaf3392c4a1b0ff", "fields": {"value": "{\"name\": \"cache/30/b7/30b7ffc2419a4e3416d0c60b93183ccb.jpg\", \"storage\": \"django.core.files.storage.FileSystemStorage\", \"size\": [180, 250]}"}}, {"model": "thumbnail.kvstore", "pk": "sorl-thumbnail||image||3761b64548b2b1c9d9eb2c0894f27992", "fields": {"value": "{\"name\": \"cache/04/c6/04c68823175eb650316b5bfd89f0a64c.jpg\", \"storage\": \"django.core.files.storage.FileSystemStorage\", \"size\": [600, 400]}"}}, {"model": "thumbnail.kvstore", "pk": "sorl-thumbnail||image||38e4b5d2c6f481d462c651ce7aa23a26", "fields": {"value": "{\"name\": \"cache/c0/c3/c0c321e674a9a203e64a8363296ca9d2.jpg\", \"storage\": \"django.core.files.storage.FileSystemStorage\", \"size\": [180, 250]}"}}, {"model": "thumbnail.kvstore", "pk": "sorl-thumbnail||image||3de4a1471536fe01d957cd98bcbc972e", "fields": {"value": "{\"name\": \"cache/c1/46/c146f9503232ef031b68bf657137d8ed.jpg\", \"storage\": \"django.core.files.storage.FileSystemStorage\", \"size\": [300, 200]}"}}, {"model": "thumbnail.kvstore", "pk": "sorl-thumbnail||image||4521c706a3de1c51a5c004fe5a9e8505", "fields": {"value": "{\"name\": \"images/authors/AlexMiln.jpg\", \"storage\": \"django.core.files.storage.FileSystemStorage\", \"size\": [600, 400]}"}}, {"model": "thumbnail.kvstore", "pk": "sorl-thumbnail||image||46026f13d0f4bf1f5863c4edae1ce677", "fields": {"value": "{\"name\": \"images/authors/Carroll_0dHlUrG.jpg\", \"storage\": \"django.core.files.storage.FileSystemStorage\", \"size\": [600, 400]}"}}, {"model": "thumbnail.kvstore", "pk": "sorl-thumbnail||image||47b8f87d9f695c7ad6b5e485b958346a", "fields": {"value": "{\"name\": \"images/authors/Frame4_jjENyl2.jpg\", \"storage\": \"django.core.files.storage.FileSystemStorage\", \"size\": [180, 250]}"}}, {"model": "thumbnail.kvstore", "pk": "sorl-thumbnail||image||47d1ef47bc15c02bb9e5310a442c2170", "fields": {"value": "{\"name\": \"images/authors/dost.jpeg\", \"storage\": \"django.core.files.storage.FileSystemStorage\", \"size\": [640, 427]}"}}, {"model": "thumbnail.kvstore", "pk": "sorl-thumbnail||image||5419be5daca700eeb62ef178617ff5e6", "fields": {"value": "{\"name\": \"cache/5f/1a/5f1a00e54ae3f2aa0435ed5ee0cb19c2.jpg\", \"storage\": \"django.core.files.storage.FileSystemStorage\", \"size\": [150, 100]}"}}, {"model": "thumbnail.kvstore", "pk": "sorl-thumbnail||image||66eb259fe453afd37b930192c733bb38", "fields": {"value": "{\"name\": \"cache/a7/68/a768cea9cd5598640f704c1613d8f4e4.jpg\", \"storage\": \"django.core.files.storage.FileSystemStorage\", \"size\": [180, 250]}"}}, {"model": "thumbnail.kvstore", "pk": "sorl-thumbnail||image||68c1f82a804304d09bf24b87338f4554", "fields": {"value": "{\"name\": \"images/authors/Frame_5.jpg\", \"storage\": \"django.core.files.storage.FileSystemStorage\", \"size\": [180, 250]}"}}, {"model": "thumbnail.kvstore", "pk": "sorl-thumbnail||image||6d1baffd6e799dbcbd3110a287385712", "fields": {"value": "{\"name\": \"cache/95/16/951615136831a5cd4280160bf58602d4.jpg\", \"storage\": \"django.core.files.storage.FileSystemStorage\", \"size\": [180, 250]}"}}, {"model": "thumbnail.kvstore", "pk": "sorl-thumbnail||image||727e9e224995b74d869717c1d3e0f020", "fields": {"value": "{\"name\": \"cache/2d/13/2d13cace3f61094eb1cfe059fb30ea90.jpg\", \"storage\": \"django.core.files.storage.FileSystemStorage\", \"size\": [72, 100]}"}}, {"model": "thumbnail.kvstore", "pk": "sorl-thumbnail||image||7a0f4229d9d9dc35171111f9c6091540", "fields": {"value": "{\"name\": \"cache/7b/6e/7b6eac2a6aac84e300dba2981e158e16.jpg\", \"storage\": \"django.core.files.storage.FileSystemStorage\", \"size\": [144, 200]}"}}, {"model": "thumbnail.kvstore", "pk": "sorl-thumbnail||image||80ef21f0e8f34de8ddc95280ca6e3fde", "fields": {"value": "{\"name\": \"cache/63/9d/639d463d600b3da96b06d9bfc3fad798.jpg\", \"storage\": \"django.core.files.storage.FileSystemStorage\", \"size\": [180, 120]}"}}, {"model": "thumbnail.kvstore", "pk": "sorl-thumbnail||image||834d402845c519b1e363b1b78740d28d", "fields": {"value": "{\"name\": \"cache/31/5a/315a7793f95f09273d44cc87ccfab62d.jpg\", \"storage\": \"django.core.files.storage.FileSystemStorage\", \"size\": [600, 400]}"}}, {"model": "thumbnail.kvstore", "pk": "sorl-thumbnail||image||850cee8fe8396465695b996b772f6e03", "fields": {"value": "{\"name\": \"cache/c4/91/c49135df223e713c589dbeb68f4af596.jpg\", \"storage\": \"django.core.files.storage.FileSystemStorage\", \"size\": [180, 120]}"}}, {"model": "thumbnail.kvstore", "pk": "sorl-thumbnail||image||8b5ad2e7dbbf0df5e9f9da9b1a26de13", "fields": {"value": "{\"name\": \"cache/66/f1/66f166d1aedd4028ffc6caf560887523.jpg\", \"storage\": \"django.core.files.storage.FileSystemStorage\", \"size\": [180, 250]}"}}, {"model": "thumbnail.kvstore", "pk": "sorl-thumbnail||image||8e0d85dcdcdb9b076d268b6a2e913775", "fields": {"value": "{\"name\": \"images/authors/Frame_3.jpg\", \"storage\": \"django.core.files.storage.FileSystemStorage\", \"size\": [180, 250]}"}}, {"model": "thumbnail.kvstore", "pk": "sorl-thumbnail||image||8f3adeb39187c473e887c473866848ad", "fields": {"value": "{\"name\": \"cache/85/1c/851c9c7b6ae01e304ea5e7bac89df4fd.jpg\", \"storage\": \"django.core.files.storage.FileSystemStorage\", \"size\": [600, 400]}"}}, {"model": "thumbnail.kvstore", "pk": "sorl-thumbnail||image||97385c86b45d424df01e356d168c7c25", "fields": {"value": "{\"name\": \"cache/d5/dd/d5dd07e854bbbde219e3d7f30dcd8129.jpg\", \"storage\": \"django.core.files.storage.FileSystemStorage\", \"size\": [144, 200]}"}}, {"model": "thumbnail.kvstore", "pk": "sorl-thumbnail||image||9a8052e79ab92596afeb0ee64fdca85d", "fields": {"value": "{\"name\": \"images/authors/Carroll.jpg\", \"storage\": \"django.core.files.storage.FileSystemStorage\", \"size\": [600, 400]}"}}, {"model": "thumbnail.kvstore", "pk": "sorl-thumbnail||image||9bd07e7f02a7f2c2790137f6a1b88c36", "fields": {"value": "{\"name\": \"cache/58/53/5853dc78c6eaa405e1b2d434f26a9514.jpg\", \"storage\": \"django.core.files.storage.FileSystemStorage\", \"size\": [180, 250]}"}}, {"model": "thumbnail.kvstore", "pk": "sorl-thumbnail||image||a0e7d3a0eacb34823015fcd93c5ad8c6", "fields": {"value": "{\"name\": \"images/authors/Frame_4.jpg\", \"storage\": \"django.core.files.storage.FileSystemStorage\", \"size\": [180, 250]}"}}, {"model": "thumbnail.kvstore", "pk": "sorl-thumbnail||image||ac7fb45e0e68b6d4861f222801b92db1", "fields": {"value": "{\"name\": \"cache/df/27/df2714abc499d659a8ad70db8620b4db.jpg\", \"storage\": \"django.core.files.storage.FileSystemStorage\", \"size\": [600, 400]}"}}, {"model": "thumbnail.kvstore", "pk": "sorl-thumbnail||image||aed81730fe2746a8bc423d18e34dea9a", "fields": {"value": "{\"name\": \"images/authors/Chehov.jpg\", \"storage\": \"django.core.files.storage.FileSystemStorage\", \"size\": [600, 400]}"}}, {"model": "thumbnail.kvstore", "pk": "sorl-thumbnail||image||b7fa802aefe4495a2a93784d4606da9a", "fields": {"value": "{\"name\": \"cache/5e/38/5e38568231ae02d551ea3ba1b10df36b.jpg\", \"storage\": \"django.core.files.storage.FileSystemStorage\", \"size\": [72, 100]}"}}, {"model": "thumbnail.kvstore", "pk": "sorl-thumbnail||image||c26e6e3b3bd466ab28494311adb5eadd", "fields": {"value": "{\"name\": \"images/authors/fe4ba0c5ed18ba97e7ca1db282e7b7dd.jpg\", \"storage\": \"django.core.files.storage.FileSystemStorage\", \"size\": [640, 425]}"}}, {"model": "thumbnail.kvstore", "pk": "sorl-thumbnail||image||d0afd895dde21dc6c62698535c469ca7", "fields": {"value": "{\"name\": \"cache/59/e0/59e09ae31aa15a13fe029006f7580cef.jpg\", \"storage\": \"django.core.files.storage.FileSystemStorage\", \"size\": [180, 120]}"}}, {"model": "thumbnail.kvstore", "pk": "sorl-thumbnail||image||dc756b8c2311f881fea0d850720e4484", "fields": {"value": "{\"name\": \"cache/7e/96/7e961834cf30b730b1a567040555e508.jpg\", \"storage\": \"django.core.files.storage.FileSystemStorage\", \"size\": [288, 400]}"}}, {"model": "thumbnail.kvstore", "pk": "sorl-thumbnail||image||e2dae084bad28a23ba434e36e3ab4649", "fields": {"value": "{\"name\": \"cache/fd/33/fd33f6047c614c92355c669a5b7a37ab.jpg\", \"storage\": \"django.core.files.storage.FileSystemStorage\", \"size\": [180, 120]}"}}, {"model": "thumbnail.kvstore", "pk": "sorl-thumbnail||image||e6d8aca962c455cc4f726681f92a7a23", "fields": {"value": "{\"name\": \"cache/ef/8b/ef8b6568d1efc288b921da47bb89e9b4.jpg\", \"storage\": \"django.core.files.storage.FileSystemStorage\", \"size\": [180, 120]}"}}, {"model": "thumbnail.kvstore", "pk": "sorl-thumbnail||image||e87c4849fcf60006cf711c2b516ae247", "fields": {"value": "{\"name\": \"images/authors/Dostoevsky.jpg\", \"storage\": \"django.core.files.storage.FileSystemStorage\", \"size\": [600, 400]}"}}, {"model": "thumbnail.kvstore", "pk": "sorl-thumbnail||image||ea97d39123b4aa925dff6fd79c684f4e", "fields": {"value": "{\"name\": \"cache/05/4e/054e5b598667586a0f32c6c59d55e1da.jpg\", \"storage\": \"django.core.files.storage.FileSystemStorage\", \"size\": [180, 120]}"}}, {"model": "thumbnail.kvstore", "pk": "sorl-thumbnail||image||ed00a6103b8b03c85d6b853154e1eb61", "fields": {"value": "{\"name\": \"cache/6d/98/6d98fe90f55f036be8825bdc18442267.jpg\", \"storage\": \"django.core.files.storage.FileSystemStorage\", \"size\": [600, 400]}"}}, {"model": "thumbnail.kvstore", "pk": "sorl-thumbnail||image||edcc2379b8e64d25e0aec5c158e78f85", "fields": {"value": "{\"name\": \"cache/0c/90/0c90d7ba306c6b6e6b3ff3bf26df88f1.jpg\", \"storage\": \"django.core.files.storage.FileSystemStorage\", \"size\": [600, 400]}"}}, {"model": "thumbnail.kvstore", "pk": "sorl-thumbnail||image||f3d74e624647337baec7a33348e6bf42", "fields": {"value": "{\"name\": \"cache/bc/45/bc4589fb7c24ef19ccb48d5fbce0259e.jpg\", \"storage\": \"django.core.files.storage.FileSystemStorage\", \"size\": [288, 400]}"}}, {"model": "thumbnail.kvstore", "pk": "sorl-thumbnail||image||f679fcb4a5c0977b2f11d67ee2d789ee", "fields": {"value": "{\"name\": \"cache/da/5e/da5e4eee18ef13e021761226c8dea323.jpg\", \"storage\": \"django.core.files.storage.FileSystemStorage\", \"size\": [180, 120]}"}}, {"model": "thumbnail.kvstore", "pk": "sorl-thumbnail||thumbnails||155aea74679a597d6981b6cecf0c00fb", "fields": {"value": "[\"05656fe4fae9ed58db634a98a86808b4\", \"80ef21f0e8f34de8ddc95280ca6e3fde\"]"}}, {"model": "thumbnail.kvstore", "pk": "sorl-thumbnail||thumbnails||1a9a8ac5f48f388b009b230289f41f15", "fields": {"value": "[\"834d402845c519b1e363b1b78740d28d\", \"e2dae084bad28a23ba434e36e3ab4649\"]"}}, {"model": "thumbnail.kvstore", "pk": "sorl-thumbnail||thumbnails||28e63a1609b5b9e70c4aed10f052fc3f", "fields": {"value": "[\"35ff9bb3633366516eaf3392c4a1b0ff\"]"}}, {"model": "thumbnail.kvstore", "pk": "sorl-thumbnail||thumbnails||3059d35a3cb4d0330125f3c4e05b98b4", "fields": {"value": "[\"b7fa802aefe4495a2a93784d4606da9a\", \"6d1baffd6e799dbcbd3110a287385712\", \"dc756b8c2311f881fea0d850720e4484\", \"97385c86b45d424df01e356d168c7c25\"]"}}, {"model": "thumbnail.kvstore", "pk": "sorl-thumbnail||thumbnails||4521c706a3de1c51a5c004fe5a9e8505", "fields": {"value": "[\"0b86fa86d6a2c87a1e2f2e59fd1bb772\", \"8f3adeb39187c473e887c473866848ad\"]"}}, {"model": "thumbnail.kvstore", "pk": "sorl-thumbnail||thumbnails||46026f13d0f4bf1f5863c4edae1ce677", "fields": {"value": "[\"ea97d39123b4aa925dff6fd79c684f4e\", \"35c155c276cd93462fb302f339e8c0d5\"]"}}, {"model": "thumbnail.kvstore", "pk": "sorl-thumbnail||thumbnails||47b8f87d9f695c7ad6b5e485b958346a", "fields": {"value": "[\"9bd07e7f02a7f2c2790137f6a1b88c36\", \"727e9e224995b74d869717c1d3e0f020\", \"7a0f4229d9d9dc35171111f9c6091540\", \"f3d74e624647337baec7a33348e6bf42\"]"}}, {"model": "thumbnail.kvstore", "pk": "sorl-thumbnail||thumbnails||47d1ef47bc15c02bb9e5310a442c2170", "fields": {"value": "[\"3761b64548b2b1c9d9eb2c0894f27992\", \"3de4a1471536fe01d957cd98bcbc972e\", \"f679fcb4a5c0977b2f11d67ee2d789ee\", \"5419be5daca700eeb62ef178617ff5e6\"]"}}, {"model": "thumbnail.kvstore", "pk": "sorl-thumbnail||thumbnails||68c1f82a804304d09bf24b87338f4554", "fields": {"value": "[\"66eb259fe453afd37b930192c733bb38\"]"}}, {"model": "thumbnail.kvstore", "pk": "sorl-thumbnail||thumbnails||8e0d85dcdcdb9b076d268b6a2e913775", "fields": {"value": "[\"8b5ad2e7dbbf0df5e9f9da9b1a26de13\"]"}}, {"model": "thumbnail.kvstore", "pk": "sorl-thumbnail||thumbnails||9a8052e79ab92596afeb0ee64fdca85d", "fields": {"value": "[\"e6d8aca962c455cc4f726681f92a7a23\", \"edcc2379b8e64d25e0aec5c158e78f85\"]"}}, {"model": "thumbnail.kvstore", "pk": "sorl-thumbnail||thumbnails||a0e7d3a0eacb34823015fcd93c5ad8c6", "fields": {"value": "[\"38e4b5d2c6f481d462c651ce7aa23a26\"]"}}, {"model": "thumbnail.kvstore", "pk": "sorl-thumbnail||thumbnails||aed81730fe2746a8bc423d18e34dea9a", "fields": {"value": "[\"ac7fb45e0e68b6d4861f222801b92db1\"]"}}, {"model": "thumbnail.kvstore", "pk": "sorl-thumbnail||thumbnails||c26e6e3b3bd466ab28494311adb5eadd", "fields": {"value": "[\"850cee8fe8396465695b996b772f6e03\"]"}}, {"model": "thumbnail.kvstore", "pk": "sorl-thumbnail||thumbnails||e87c4849fcf60006cf711c2b516ae247", "fields": {"value": "[\"ed00a6103b8b03c85d6b853154e1eb61\", \"d0afd895dde21dc6c62698535c469ca7\"]"}}, {"model": "auth.permission", "pk": 1, "fields": {"name": "Can add log entry", "content_type": 1, "codename": "add_logentry"}}, {"model": "auth.permission", "pk": 2, "fields": {"name": "Can change log entry", "content_type": 1, "codename": "change_logentry"}}, {"model": "auth.permission", "pk": 3, "fields": {"name": "Can delete log entry", "content_type": 1, "codename": "delete_logentry"}}, {"model": "auth.permission", "pk": 4, "fields": {"name": "Can view log entry", "content_type": 1, "codename": "view_logentry"}}, {"model": "auth.permission", "pk": 5, "fields": {"name": "Can add permission", "content_type": 2, "codename": "add_permission"}}, {"model": "auth.permission", "pk": 6, "fields": {"name": "Can change permission", "content_type": 2, "codename": "change_permission"}}, {"model": "auth.permission", "pk": 7, "fields": {"name": "Can delete permission", "content_type": 2, "codename": "delete_permission"}}, {"model": "auth.permission", "pk": 8, "fields": {"name": "Can view permission", "content_type": 2, "codename": "view_permission"}}, {"model": "auth.permission", "pk": 9, "fields": {"name": "Can add group", "content_type": 3, "codename": "add_group"}}, {"model": "auth.permission", "pk": 10, "fields": {"name": "Can change group", "content_type": 3, "codename": "change_group"}}, {"model": "auth.permission", "pk": 11, "fields": {"name": "Can delete group", "content_type": 3, "codename": "delete_group"}}, {"model": "auth.permission", "pk": 12, "fields": {"name": "Can view group", "content_type": 3, "codename": "view_group"}}, {"model": "auth.permission", "pk": 13, "fields": {"name": "Can add content type", "content_type": 4, "codename": "add_contenttype"}}, {"model": "auth.permission", "pk": 14, "fields": {"name": "Can change content type", "content_type": 4, "codename": "change_contenttype"}}, {"model": "auth.permission", "pk": 15, "fields": {"name": "Can delete content type", "content_type": 4, "codename": "delete_contenttype"}}, {"model": "auth.permission", "pk": 16, "fields": {"name": "Can view content type", "content_type": 4, "codename": "view_contenttype"}}, {"model": "auth.permission", "pk": 17, "fields": {"name": "Can add session", "content_type": 5, "codename": "add_session"}}, {"model": "auth.permission", "pk": 18, "fields": {"name": "Can change session", "content_type": 5, "codename": "change_session"}}, {"model": "auth.permission", "pk": 19, "fields": {"name": "Can delete session", "content_type": 5, "codename": "delete_session"}}, {"model": "auth.permission", "pk": 20, "fields": {"name": "Can view session", "content_type": 5, "codename": "view_session"}}, {"model": "auth.permission", "pk": 21, "fields": {"name": "Can add user", "content_type": 6, "codename": "add_user"}}, {"model": "auth.permission", "pk": 22, "fields": {"name": "Can change user", "content_type": 6, "codename": "change_user"}}, {"model": "auth.permission", "pk": 23, "fields": {"name": "Can delete user", "content_type": 6, "codename": "delete_user"}}, {"model": "auth.permission", "pk": 24, "fields": {"name": "Can view user", "content_type": 6, "codename": "view_user"}}, {"model": "auth.permission", "pk": 25, "fields": {"name": "Can add \u0410\u0432\u0442\u043e\u0440", "content_type": 7, "codename": "add_author"}}, {"model": "auth.permission", "pk": 26, "fields": {"name": "Can change \u0410\u0432\u0442\u043e\u0440", "content_type": 7, "codename": "change_author"}}, {"model": "auth.permission", "pk": 27, "fields": {"name": "Can delete \u0410\u0432\u0442\u043e\u0440", "content_type": 7, "codename": "delete_author"}}, {"model": "auth.permission", "pk": 28, "fields": {"name": "Can view \u0410\u0432\u0442\u043e\u0440", "content_type": 7, "codename": "view_author"}}, {"model": "auth.permission", "pk": 29, "fields": {"name": "Can add \u0413\u0440\u0443\u043f\u043f\u0430 \u0430\u0432\u0442\u043e\u0440\u043e\u0432", "content_type": 8, "codename": "add_groupauthor"}}, {"model": "auth.permission", "pk": 30, "fields": {"name": "Can change \u0413\u0440\u0443\u043f\u043f\u0430 \u0430\u0432\u0442\u043e\u0440\u043e\u0432", "content_type": 8, "codename": "change_groupauthor"}}, {"model": "auth.permission", "pk": 31, "fields": {"name": "Can delete \u0413\u0440\u0443\u043f\u043f\u0430 \u0430\u0432\u0442\u043e\u0440\u043e\u0432", "content_type": 8, "codename": "delete_groupauthor"}}, {"model": "auth.permission", "pk": 32, "fields": {"name": "Can view \u0413\u0440\u0443\u043f\u043f\u0430 \u0430\u0432\u0442\u043e\u0440\u043e\u0432", "content_type": 8, "codename": "view_groupauthor"}}, {"model": "auth.permission", "pk": 33, "fields": {"name": "Can add \u0418\u0441\u0442\u043e\u0447\u043d\u0438\u043a", "content_type": 9, "codename": "add_quotesource"}}, {"model": "auth.permission", "pk": 34, "fields": {"name": "Can change \u0418\u0441\u0442\u043e\u0447\u043d\u0438\u043a", "content_type": 9, "codename": "change_quotesource"}}, {"model": "auth.permission", "pk": 35, "fields": {"name": "Can delete \u0418\u0441\u0442\u043e\u0447\u043d\u0438\u043a", "content_type": 9, "codename": "delete_quotesource"}}, {"model": "auth.permission", "pk": 36, "fields": {"name": "Can view \u0418\u0441\u0442\u043e\u0447\u043d\u0438\u043a", "content_type": 9, "codename": "view_quotesource"}}, {"model": "auth.permission", "pk": 37, "fields": {"name": "Can add \u0426\u0438\u0442\u0430\u0442\u0430", "content_type": 10, "codename": "add_quote"}}, {"model": "auth.permission", "pk": 38, "fields": {"name": "Can change \u0426\u0438\u0442\u0430\u0442\u0430", "content_type": 10, "codename": "change_quote"}}, {"model": "auth.permission", "pk": 39, "fields": {"name": "Can delete \u0426\u0438\u0442\u0430\u0442\u0430", "content_type": 10, "codename": "delete_quote"}}, {"model": "auth.permission", "pk": 40, "fields": {"name": "Can view \u0426\u0438\u0442\u0430\u0442\u0430", "content_type": 10, "codename": "view_quote"}}, {"model": "auth.permission", "pk": 41, "fields": {"name": "Can add kv store", "content_type": 11, "codename": "add_kvstore"}}, {"model": "auth.permission", "pk": 42, "fields": {"name": "Can change kv store", "content_type": 11, "codename": "change_kvstore"}}, {"model": "auth.permission", "pk": 43, "fields": {"name": "Can delete kv store", "content_type": 11, "codename": "delete_kvstore"}}, {"model": "auth.permission", "pk": 44, "fields": {"name": "Can view kv store", "content_type": 11, "codename": "view_kvstore"}}, {"model": "users.user", "pk": 1, "fields": {"password": "pbkdf2_sha256$150000$tvSuQyR79pXb$ER+bz26xQ6NjGxT8e/HrLb3IUY/ez7yyVpvNxLJ+eMI=", "last_login": "2022-07-28T12:57:01.790Z", "is_superuser": true, "username": "admin", "first_name": "", "last_name": "", "email": "hristenko.evgeniy@yandex.ru", "is_staff": true, "is_active": true, "date_joined": "2022-07-26T18:36:30.382Z", "age": null, "groups": [], "user_permissions": []}}, {"model": "users.user", "pk": 2, "fields": {"password": "pbkdf2_sha256$150000$a5HrHeNKeNIe$C5BAU3SgKpQ4+WOGAQJN8MOdDq1aXlDKjeCeoGpWl5s=", "last_login": "2022-07-26T19:01:00.488Z", "is_superuser": false, "username": "titovasasha25@gmail.com", "first_name": "", "last_name": "", "email": "titovasasha25@gmail.com", "is_staff": true, "is_active": true, "date_joined": "2022-07-26T18:53:37Z", "age": null, "groups": [], "user_permissions": []}}, {"model": "admin.logentry", "pk": 1, "fields": {"action_time": "2022-07-26T18:40:07.849Z", "user": 1, "content_type": 8, "object_id": "1", "object_repr": "\u043f\u0438\u0441\u0430\u0442\u0435\u043b\u0438", "action_flag": 1, "change_message": "[{\"added\": {}}]"}}, {"model": "admin.logentry", "pk": 2, "fields": {"action_time": "2022-07-26T18:58:58.754Z", "user": 1, "content_type": 6, "object_id": "2", "object_repr": "titovasasha25@gmail.com", "action_flag": 2, "change_message": "[{\"changed\": {\"fields\": [\"is_staff\"]}}]"}}, {"model": "admin.logentry", "pk": 3, "fields": {"action_time": "2022-07-26T19:18:11.900Z", "user": 1, "content_type": 10, "object_id": "1", "object_repr": "\u0427\u0435\u043b\u043e\u0432\u0435\u043a \u043e\u043d \u0443\u043c\u043d\u044b\u0439, \u043d\u043e \u0447\u0442\u043e\u0431 \u0443\u043c\u043d\u043e \u043f\u043e\u0441\u0442\u0443\u043f\u0430\u0442\u044c \u2014 \u043e\u0434\u043d\u043e\u0433\u043e ...", "action_flag": 2, "change_message": "[{\"changed\": {\"fields\": [\"year\"]}}]"}}, {"model": "admin.logentry", "pk": 4, "fields": {"action_time": "2022-07-28T09:47:40.808Z", "user": 1, "content_type": 7, "object_id": "3", "object_repr": "\u0410\u043b\u0430\u043d \u0410\u043b\u0435\u043a\u0441\u0430\u043d\u0434\u0440 \u041c\u0438\u043b\u043d", "action_flag": 2, "change_message": "[{\"changed\": {\"fields\": [\"image\"]}}]"}}, {"model": "admin.logentry", "pk": 5, "fields": {"action_time": "2022-07-28T09:47:45.039Z", "user": 1, "content_type": 7, "object_id": "2", "object_repr": "\u041b\u044c\u044e\u0438\u0441 \u041a\u044d\u0440\u0440\u043e\u043b\u043b", "action_flag": 2, "change_message": "[{\"changed\": {\"fields\": [\"image\"]}}]"}}, {"model": "admin.logentry", "pk": 6, "fields": {"action_time": "2022-07-28T09:47:49.606Z", "user": 1, "content_type": 7, "object_id": "1", "object_repr": "\u0424\u0451\u0434\u043e\u0440 \u041c\u0438\u0445\u0430\u0439\u043b\u043e\u0432\u0438\u0447 \u0414\u043e\u0441\u0442\u043e\u0435\u0432\u0441\u043a\u0438\u0439", "action_flag": 2, "change_message": "[{\"changed\": {\"fields\": [\"image\"]}}]"}}, {"model": "admin.logentry", "pk": 7, "fields": {"action_time": "2022-07-28T09:47:53.257Z", "user": 1, "content_type": 7, "object_id": "1", "object_repr": "\u0424\u0451\u0434\u043e\u0440 \u041c\u0438\u0445\u0430\u0439\u043b\u043e\u0432\u0438\u0447 \u0414\u043e\u0441\u0442\u043e\u0435\u0432\u0441\u043a\u0438\u0439", "action_flag": 2, "change_message": "[]"}}, {"model": "admin.logentry", "pk": 8, "fields": {"action_time": "2022-07-28T09:47:57.206Z", "user": 1, "content_type": 7, "object_id": "4", "object_repr": "\u0427\u0435\u0445\u043e\u0432 \u0410\u043d\u0442\u043e\u043d \u041f\u0430\u0432\u043b\u043e\u0432\u0438\u0447", "action_flag": 2, "change_message": "[{\"changed\": {\"fields\": [\"image\"]}}]"}}, {"model": "admin.logentry", "pk": 9, "fields": {"action_time": "2022-07-28T09:48:55.189Z", "user": 1, "content_type": 7, "object_id": "3", "object_repr": "\u0410\u043b\u0430\u043d \u0410\u043b\u0435\u043a\u0441\u0430\u043d\u0434\u0440 \u041c\u0438\u043b\u043d", "action_flag": 2, "change_message": "[{\"changed\": {\"fields\": [\"image\"]}}]"}}, {"model": "admin.logentry", "pk": 10, "fields": {"action_time": "2022-07-28T09:49:09.308Z", "user": 1, "content_type": 7, "object_id": "2", "object_repr": "\u041b\u044c\u044e\u0438\u0441 \u041a\u044d\u0440\u0440\u043e\u043b\u043b", "action_flag": 2, "change_message": "[{\"changed\": {\"fields\": [\"image\"]}}]"}}, {"model": "admin.logentry", "pk": 11, "fields": {"action_time": "2022-07-28T09:49:16.239Z", "user": 1, "content_type": 7, "object_id": "1", "object_repr": "\u0424\u0451\u0434\u043e\u0440 \u041c\u0438\u0445\u0430\u0439\u043b\u043e\u0432\u0438\u0447 \u0414\u043e\u0441\u0442\u043e\u0435\u0432\u0441\u043a\u0438\u0439", "action_flag": 2, "change_message": "[{\"changed\": {\"fields\": [\"image\"]}}]"}}, {"model": "admin.logentry", "pk": 12, "fields": {"action_time": "2022-07-28T17:43:11.640Z", "user": 1, "content_type": 7, "object_id": "1", "object_repr": "\u0424\u0451\u0434\u043e\u0440 \u041c\u0438\u0445\u0430\u0439\u043b\u043e\u0432\u0438\u0447 \u0414\u043e\u0441\u0442\u043e\u0435\u0432\u0441\u043a\u0438\u0439", "action_flag": 2, "change_message": "[{\"changed\": {\"fields\": [\"image\"]}}]"}}, {"model": "admin.logentry", "pk": 13, "fields": {"action_time": "2022-07-28T17:43:22.958Z", "user": 1, "content_type": 7, "object_id": "1", "object_repr": "\u0424\u0451\u0434\u043e\u0440 \u041c\u0438\u0445\u0430\u0439\u043b\u043e\u0432\u0438\u0447 \u0414\u043e\u0441\u0442\u043e\u0435\u0432\u0441\u043a\u0438\u0439", "action_flag": 2, "change_message": "[{\"changed\": {\"fields\": [\"image\"]}}]"}}, {"model": "admin.logentry", "pk": 14, "fields": {"action_time": "2022-07-28T18:03:48.002Z", "user": 1, "content_type": 7, "object_id": "3", "object_repr": "\u0410\u043b\u0430\u043d \u0410\u043b\u0435\u043a\u0441\u0430\u043d\u0434\u0440 \u041c\u0438\u043b\u043d", "action_flag": 2, "change_message": "[{\"changed\": {\"fields\": [\"image\"]}}]"}}, {"model": "admin.logentry", "pk": 15, "fields": {"action_time": "2022-07-28T18:03:52.053Z", "user": 1, "content_type": 7, "object_id": "2", "object_repr": "\u041b\u044c\u044e\u0438\u0441 \u041a\u044d\u0440\u0440\u043e\u043b\u043b", "action_flag": 2, "change_message": "[{\"changed\": {\"fields\": [\"image\"]}}]"}}, {"model": "admin.logentry", "pk": 16, "fields": {"action_time": "2022-07-28T18:04:09.868Z", "user": 1, "content_type": 7, "object_id": "3", "object_repr": "\u0410\u043b\u0430\u043d \u0410\u043b\u0435\u043a\u0441\u0430\u043d\u0434\u0440 \u041c\u0438\u043b\u043d", "action_flag": 2, "change_message": "[{\"changed\": {\"fields\": [\"image\"]}}]"}}, {"model": "admin.logentry", "pk": 17, "fields": {"action_time": "2022-07-28T18:04:18.738Z", "user": 1, "content_type": 7, "object_id": "2", "object_repr": "\u041b\u044c\u044e\u0438\u0441 \u041a\u044d\u0440\u0440\u043e\u043b\u043b", "action_flag": 2, "change_message": "[{\"changed\": {\"fields\": [\"image\"]}}]"}}, {"model": "admin.logentry", "pk": 18, "fields": {"action_time": "2022-07-28T18:04:28.421Z", "user": 1, "content_type": 7, "object_id": "4", "object_repr": "\u0427\u0435\u0445\u043e\u0432 \u0410\u043d\u0442\u043e\u043d \u041f\u0430\u0432\u043b\u043e\u0432\u0438\u0447", "action_flag": 2, "change_message": "[{\"changed\": {\"fields\": [\"image\"]}}]"}}, {"model": "admin.logentry", "pk": 19, "fields": {"action_time": "2022-07-28T20:34:03.566Z", "user": 1, "content_type": 7, "object_id": "1", "object_repr": "\u0424\u0451\u0434\u043e\u0440 \u041c\u0438\u0445\u0430\u0439\u043b\u043e\u0432\u0438\u0447 \u0414\u043e\u0441\u0442\u043e\u0435\u0432\u0441\u043a\u0438\u0439", "action_flag": 2, "change_message": "[{\"changed\": {\"fields\": [\"description\"]}}]"}}, {"model": "admin.logentry", "pk": 20, "fields": {"action_time": "2022-07-28T20:43:59.739Z", "user": 1, "content_type": 7, "object_id": "3", "object_repr": "\u0410\u043b\u0430\u043d \u0410\u043b\u0435\u043a\u0441\u0430\u043d\u0434\u0440 \u041c\u0438\u043b\u043d", "action_flag": 2, "change_message": "[{\"changed\": {\"fields\": [\"image\"]}}]"}}, {"model": "admin.logentry", "pk": 21, "fields": {"action_time": "2022-07-28T20:44:09.507Z", "user": 1, "content_type": 7, "object_id": "3", "object_repr": "\u0410\u043b\u0430\u043d \u0410\u043b\u0435\u043a\u0441\u0430\u043d\u0434\u0440 \u041c\u0438\u043b\u043d", "action_flag": 2, "change_message": "[{\"changed\": {\"fields\": [\"image\"]}}]"}}, {"model": "admin.logentry", "pk": 22, "fields": {"action_time": "2022-07-28T20:44:14.487Z", "user": 1, "content_type": 7, "object_id": "2", "object_repr": "\u041b\u044c\u044e\u0438\u0441 \u041a\u044d\u0440\u0440\u043e\u043b\u043b", "action_flag": 2, "change_message": "[{\"changed\": {\"fields\": [\"image\"]}}]"}}, {"model": "admin.logentry", "pk": 23, "fields": {"action_time": "2022-07-28T20:44:18.755Z", "user": 1, "content_type": 7, "object_id": "1", "object_repr": "\u0424\u0451\u0434\u043e\u0440 \u041c\u0438\u0445\u0430\u0439\u043b\u043e\u0432\u0438\u0447 \u0414\u043e\u0441\u0442\u043e\u0435\u0432\u0441\u043a\u0438\u0439", "action_flag": 2, "change_message": "[{\"changed\": {\"fields\": [\"image\"]}}]"}}, {"model": "admin.logentry", "pk": 24, "fields": {"action_time": "2022-07-28T20:44:23.037Z", "user": 1, "content_type": 7, "object_id": "4", "object_repr": "\u0427\u0435\u0445\u043e\u0432 \u0410\u043d\u0442\u043e\u043d \u041f\u0430\u0432\u043b\u043e\u0432\u0438\u0447", "action_flag": 2, "change_message": "[{\"changed\": {\"fields\": [\"image\"]}}]"}}, {"model": "admin.logentry", "pk": 25, "fields": {"action_time": "2022-07-28T20:44:34.391Z", "user": 1, "content_type": 7, "object_id": "2", "object_repr": "\u041b\u044c\u044e\u0438\u0441 \u041a\u044d\u0440\u0440\u043e\u043b\u043b", "action_flag": 2, "change_message": "[{\"changed\": {\"fields\": [\"image\"]}}]"}}, {"model": "admin.logentry", "pk": 26, "fields": {"action_time": "2022-07-28T20:44:42.457Z", "user": 1, "content_type": 7, "object_id": "1", "object_repr": "\u0424\u0451\u0434\u043e\u0440 \u041c\u0438\u0445\u0430\u0439\u043b\u043e\u0432\u0438\u0447 \u0414\u043e\u0441\u0442\u043e\u0435\u0432\u0441\u043a\u0438\u0439", "action_flag": 2, "change_message": "[{\"changed\": {\"fields\": [\"image\"]}}]"}}, {"model": "admin.logentry", "pk": 27, "fields": {"action_time": "2022-07-28T20:44:50.508Z", "user": 1, "content_type": 7, "object_id": "4", "object_repr": "\u0427\u0435\u0445\u043e\u0432 \u0410\u043d\u0442\u043e\u043d \u041f\u0430\u0432\u043b\u043e\u0432\u0438\u0447", "action_flag": 2, "change_message": "[{\"changed\": {\"fields\": [\"image\"]}}]"}}]